,id,alias,name,image_url,is_closed,url,review_count,categories,rating,coordinates,transactions,price,location,phone,display_phone,distance
0,YZs1gNSh_sN8JmN_nrpxeA,terry-blacks-barbecue-austin,Terry Black's Barbecue,https://s3-media2.fl.yelpcdn.com/bphoto/jUh-UQ_WkzDsLZ-9AsK5Aw/o.jpg,False,https://www.yelp.com/biz/terry-blacks-barbecue-austin?adjust_creative=2sCIs4iF_H62BtZ15Ui5QA&utm_campaign=yelp_api_v3&utm_medium=api_v3_business_search&utm_source=2sCIs4iF_H62BtZ15Ui5QA,6517,"[{'alias': 'bbq', 'title': 'Barbeque'}, {'alias': 'sandwiches', 'title': 'Sandwiches'}, {'alias': 'southern', 'title': 'Southern'}]",4.5,"{'latitude': 30.2596915716907, 'longitude': -97.7548013627529}",['delivery'],$$,"{'address1': '1003 Barton Springs Rd', 'address2': '', 'address3': '', 'city': 'Austin', 'zip_code': '78704', 'country': 'US', 'state': 'TX', 'display_address': ['1003 Barton Springs Rd', 'Austin, TX 78704']}",+15123945899,(512) 394-5899,5063.210482313279
1,MGzro82Fi4LYvc86acoONQ,franklin-barbecue-austin,Franklin Barbecue,https://s3-media1.fl.yelpcdn.com/bphoto/MsXhN-6ehWVBsykS3TP5ng/o.jpg,False,https://www.yelp.com/biz/franklin-barbecue-austin?adjust_creative=2sCIs4iF_H62BtZ15Ui5QA&utm_campaign=yelp_api_v3&utm_medium=api_v3_business_search&utm_source=2sCIs4iF_H62BtZ15Ui5QA,5924,"[{'alias': 'bbq', 'title': 'Barbeque'}]",4.5,"{'latitude': 30.2701348, 'longitude': -97.7313451068641}",['delivery'],$$,"{'address1': '900 E 11th St', 'address2': '', 'address3': '', 'city': 'Austin', 'zip_code': '78702', 'country': 'US', 'state': 'TX', 'display_address': ['900 E 11th St', 'Austin, TX 78702']}",+15126531187,(512) 653-1187,4645.277696597739
2,cs6HfZNykLVitm09jWFqWg,moonshine-patio-bar-and-grill-austin,Moonshine Patio Bar & Grill,https://s3-media3.fl.yelpcdn.com/bphoto/TfpTZFNSxyHCQroQ0z4o3w/o.jpg,False,https://www.yelp.com/biz/moonshine-patio-bar-and-grill-austin?adjust_creative=2sCIs4iF_H62BtZ15Ui5QA&utm_campaign=yelp_api_v3&utm_medium=api_v3_business_search&utm_source=2sCIs4iF_H62BtZ15Ui5QA,5887,"[{'alias': 'southern', 'title': 'Southern'}, {'alias': 'breakfast_brunch', 'title': 'Breakfast & Brunch'}, {'alias': 'cocktailbars', 'title': 'Cocktail Bars'}]",4.5,"{'latitude': 30.26375388334444, 'longitude': -97.738076861816}",['delivery'],$$,"{'address1': '303 Red River St', 'address2': '', 'address3': '', 'city': 'Austin', 'zip_code': '78701', 'country': 'US', 'state': 'TX', 'display_address': ['303 Red River St', 'Austin, TX 78701']}",+15122369599,(512) 236-9599,4975.163046861979
3,qLJUDPOamhLdbtfbcWyHnA,the-salt-lick-bbq-driftwood,The Salt Lick BBQ,https://s3-media4.fl.yelpcdn.com/bphoto/4qv5K5oTwranZGhFQ2pZXw/o.jpg,False,https://www.yelp.com/biz/the-salt-lick-bbq-driftwood?adjust_creative=2sCIs4iF_H62BtZ15Ui5QA&utm_campaign=yelp_api_v3&utm_medium=api_v3_business_search&utm_source=2sCIs4iF_H62BtZ15Ui5QA,5419,"[{'alias': 'bbq', 'title': 'Barbeque'}]",4.0,"{'latitude': 30.131736, 'longitude': -98.013335}",[],$$,"{'address1': '18300 Fm 1826', 'address2': '', 'address3': '', 'city': 'Driftwood', 'zip_code': '78619', 'country': 'US', 'state': 'TX', 'display_address': ['18300 Fm 1826', 'Driftwood, TX 78619']}",+15128584959,(512) 858-4959,31226.187448314315
4,AcFt364BrHyMu3VrSCKMOw,salty-sow-austin,Salty Sow,https://s3-media2.fl.yelpcdn.com/bphoto/-thmBtu1fhKvgEb4i813Cg/o.jpg,False,https://www.yelp.com/biz/salty-sow-austin?adjust_creative=2sCIs4iF_H62BtZ15Ui5QA&utm_campaign=yelp_api_v3&utm_medium=api_v3_business_search&utm_source=2sCIs4iF_H62BtZ15Ui5QA,3241,"[{'alias': 'tradamerican', 'title': 'American'}, {'alias': 'gastropubs', 'title': 'Gastropubs'}]",4.5,"{'latitude': 30.2836497259461, 'longitude': -97.7213180065155}",['delivery'],$$,"{'address1': '1917 Manor Rd', 'address2': '', 'address3': '', 'city': 'Austin', 'zip_code': '78722', 'country': 'US', 'state': 'TX', 'display_address': ['1917 Manor Rd', 'Austin, TX 78722']}",+15123912337,(512) 391-2337,4234.901451292925
5,v1UzkU8lEWdjxq8byWFOKg,guss-world-famous-fried-chicken-austin-austin,Gus's World Famous Fried Chicken - Austin,https://s3-media2.fl.yelpcdn.com/bphoto/cC25QkhlJA7XSnUnKxznqA/o.jpg,False,https://www.yelp.com/biz/guss-world-famous-fried-chicken-austin-austin?adjust_creative=2sCIs4iF_H62BtZ15Ui5QA&utm_campaign=yelp_api_v3&utm_medium=api_v3_business_search&utm_source=2sCIs4iF_H62BtZ15Ui5QA,3179,"[{'alias': 'southern', 'title': 'Southern'}, {'alias': 'chickenshop', 'title': 'Chicken Shop'}, {'alias': 'comfortfood', 'title': 'Comfort Food'}]",4.5,"{'latitude': 30.2634862, 'longitude': -97.7417305}",['delivery'],$$,"{'address1': '117 San Jacinto Blvd', 'address2': '', 'address3': '', 'city': 'Austin', 'zip_code': '78701', 'country': 'US', 'state': 'TX', 'display_address': ['117 San Jacinto Blvd', 'Austin, TX 78701']}",+15124744877,(512) 474-4877,4881.271228514894
6,EPkf96UcG2W3ttlQphWUGQ,la-barbecue-austin-3,la Barbecue,https://s3-media2.fl.yelpcdn.com/bphoto/ajFK7q6bJbiYuaKb66oyNw/o.jpg,False,https://www.yelp.com/biz/la-barbecue-austin-3?adjust_creative=2sCIs4iF_H62BtZ15Ui5QA&utm_campaign=yelp_api_v3&utm_medium=api_v3_business_search&utm_source=2sCIs4iF_H62BtZ15Ui5QA,2890,"[{'alias': 'bbq', 'title': 'Barbeque'}, {'alias': 'sandwiches', 'title': 'Sandwiches'}]",4.5,"{'latitude': 30.254551688240156, 'longitude': -97.7175824980666}",['delivery'],$$,"{'address1': '2401 E Cesar Chavez', 'address2': '', 'address3': None, 'city': 'Austin', 'zip_code': '78702', 'country': 'US', 'state': 'TX', 'display_address': ['2401 E Cesar Chavez', 'Austin, TX 78702']}",+15126059696,(512) 605-9696,6820.435333199229
7,R3hZQn1oIZuwmwdGNsPMJg,valentinas-tex-mex-bbq-buda-2,Valentina's Tex Mex BBQ,https://s3-media2.fl.yelpcdn.com/bphoto/r8uA8aH-bwV8FmPj9dz7EQ/o.jpg,False,https://www.yelp.com/biz/valentinas-tex-mex-bbq-buda-2?adjust_creative=2sCIs4iF_H62BtZ15Ui5QA&utm_campaign=yelp_api_v3&utm_medium=api_v3_business_search&utm_source=2sCIs4iF_H62BtZ15Ui5QA,2187,"[{'alias': 'foodtrucks', 'title': 'Food Trucks'}, {'alias': 'bbq', 'title': 'Barbeque'}, {'alias': 'tex-mex', 'title': 'Tex-Mex'}]",4.5,"{'latitude': 30.077424850534623, 'longitude': -97.8460281}",['delivery'],$$,"{'address1': '308 S Main St', 'address2': None, 'address3': '', 'city': 'Buda', 'zip_code': '78610', 'country': 'US', 'state': 'TX', 'display_address': ['308 S Main St', 'Buda, TX 78610']}",+15122214248,(512) 221-4248,26707.04484849444
8,He2KYtXXfaIR0nkCXH5xiQ,loro-austin,Loro,https://s3-media3.fl.yelpcdn.com/bphoto/USf-lPJ2J19V048MTO-vIg/o.jpg,False,https://www.yelp.com/biz/loro-austin?adjust_creative=2sCIs4iF_H62BtZ15Ui5QA&utm_campaign=yelp_api_v3&utm_medium=api_v3_business_search&utm_source=2sCIs4iF_H62BtZ15Ui5QA,2074,"[{'alias': 'smokehouse', 'title': 'Smokehouse'}, {'alias': 'asianfusion', 'title': 'Asian Fusion'}, {'alias': 'cocktailbars', 'title': 'Cocktail Bars'}]",4.5,"{'latitude': 30.24775, 'longitude': -97.77127}",['delivery'],$$,"{'address1': '2115 S Lamar Blvd', 'address2': '', 'address3': None, 'city': 'Austin', 'zip_code': '78704', 'country': 'US', 'state': 'TX', 'display_address': ['2115 S Lamar Blvd', 'Austin, TX 78704']}",+15129164858,(512) 916-4858,6510.320908431616
9,eJ7X_8KXVlyHZtGrrLz4yg,lamberts-downtown-barbecue-austin,Lamberts Downtown Barbecue,https://s3-media2.fl.yelpcdn.com/bphoto/TFaXaakxxW21YUWcYVYg7Q/o.jpg,False,https://www.yelp.com/biz/lamberts-downtown-barbecue-austin?adjust_creative=2sCIs4iF_H62BtZ15Ui5QA&utm_campaign=yelp_api_v3&utm_medium=api_v3_business_search&utm_source=2sCIs4iF_H62BtZ15Ui5QA,2003,"[{'alias': 'bbq', 'title': 'Barbeque'}, {'alias': 'bars', 'title': 'Bars'}, {'alias': 'musicvenues', 'title': 'Music Venues'}]",4.0,"{'latitude': 30.265235082587218, 'longitude': -97.74790507437532}",['delivery'],$$,"{'address1': '401 W 2nd St', 'address2': '', 'address3': '', 'city': 'Austin', 'zip_code': '78701', 'country': 'US', 'state': 'TX', 'display_address': ['401 W 2nd St', 'Austin, TX 78701']}",+15124941500,(512) 494-1500,4537.990377693133
10,LXlqsBr7n1qaD3xzAY1oYg,the-salt-lick-bbq-round-rock,The Salt Lick BBQ,https://s3-media2.fl.yelpcdn.com/bphoto/VjaqHAvIdwThoZZ3HxuC7g/o.jpg,False,https://www.yelp.com/biz/the-salt-lick-bbq-round-rock?adjust_creative=2sCIs4iF_H62BtZ15Ui5QA&utm_campaign=yelp_api_v3&utm_medium=api_v3_business_search&utm_source=2sCIs4iF_H62BtZ15Ui5QA,1983,"[{'alias': 'bbq', 'title': 'Barbeque'}]",3.5,"{'latitude': 30.525229, 'longitude': -97.632397}",['delivery'],$$,"{'address1': '3350 Palm Valley Blvd', 'address2': '', 'address3': '', 'city': 'Round Rock', 'zip_code': '78665', 'country': 'US', 'state': 'TX', 'display_address': ['3350 Palm Valley Blvd', 'Round Rock, TX 78665']}",+15123861044,(512) 386-1044,27276.54752757625
11,zDVjN3dC9EfQno21m3O8Pg,stiles-switch-bbq-and-brew-austin,Stiles Switch BBQ & Brew,https://s3-media2.fl.yelpcdn.com/bphoto/J65yPVYthl76Nt-28qjsIg/o.jpg,False,https://www.yelp.com/biz/stiles-switch-bbq-and-brew-austin?adjust_creative=2sCIs4iF_H62BtZ15Ui5QA&utm_campaign=yelp_api_v3&utm_medium=api_v3_business_search&utm_source=2sCIs4iF_H62BtZ15Ui5QA,1940,"[{'alias': 'bbq', 'title': 'Barbeque'}]",4.0,"{'latitude': 30.33432, 'longitude': -97.7215}","['delivery', 'pickup']",$$,"{'address1': '6610 N Lamar Blvd', 'address2': '', 'address3': '', 'city': 'Austin', 'zip_code': '78757', 'country': 'US', 'state': 'TX', 'display_address': ['6610 N Lamar Blvd', 'Austin, TX 78757']}",+15123809199,(512) 380-9199,4779.501545468333
12,9e5lIroM6Eyd4aS26pWWEQ,coopers-old-time-pit-bar-b-que-austin,Cooper's Old Time Pit Bar-B-Que,https://s3-media2.fl.yelpcdn.com/bphoto/bcmOm61VOtzaNnPcskGcZQ/o.jpg,False,https://www.yelp.com/biz/coopers-old-time-pit-bar-b-que-austin?adjust_creative=2sCIs4iF_H62BtZ15Ui5QA&utm_campaign=yelp_api_v3&utm_medium=api_v3_business_search&utm_source=2sCIs4iF_H62BtZ15Ui5QA,1915,"[{'alias': 'bbq', 'title': 'Barbeque'}]",4.0,"{'latitude': 30.26489, 'longitude': -97.74361}",['delivery'],$$,"{'address1': '217 Congress Ave', 'address2': '', 'address3': '', 'city': 'Austin', 'zip_code': '78701', 'country': 'US', 'state': 'TX', 'display_address': ['217 Congress Ave', 'Austin, TX 78701']}",+15124744227,(512) 474-4227,4672.087688695419
13,_JOSiG_X--3W0FWgPrHO0g,stubbs-bar-b-q-austin,Stubb's Bar-B-Q,https://s3-media3.fl.yelpcdn.com/bphoto/1mcR7Q1TbzfXxvsf9_zafg/o.jpg,False,https://www.yelp.com/biz/stubbs-bar-b-q-austin?adjust_creative=2sCIs4iF_H62BtZ15Ui5QA&utm_campaign=yelp_api_v3&utm_medium=api_v3_business_search&utm_source=2sCIs4iF_H62BtZ15Ui5QA,1500,"[{'alias': 'bbq', 'title': 'Barbeque'}]",3.5,"{'latitude': 30.26857, 'longitude': -97.73617}",['delivery'],$$,"{'address1': '801 Red River St', 'address2': '', 'address3': '', 'city': 'Austin', 'zip_code': '78701', 'country': 'US', 'state': 'TX', 'display_address': ['801 Red River St', 'Austin, TX 78701']}",+15129103974,(512) 910-3974,4575.139563215933
14,XmvINqxEBwZmSuw6RTcWsA,rudys-country-store-and-bar-b-q-austin-10,"Rudy's ""Country Store"" and Bar-B-Q",https://s3-media1.fl.yelpcdn.com/bphoto/xJKOB7oPgKM0H9D1b6jbog/o.jpg,False,https://www.yelp.com/biz/rudys-country-store-and-bar-b-q-austin-10?adjust_creative=2sCIs4iF_H62BtZ15Ui5QA&utm_campaign=yelp_api_v3&utm_medium=api_v3_business_search&utm_source=2sCIs4iF_H62BtZ15Ui5QA,1469,"[{'alias': 'bbq', 'title': 'Barbeque'}, {'alias': 'servicestations', 'title': 'Gas Stations'}]",4.5,"{'latitude': 30.4141543584802, 'longitude': -97.746986746788}",['delivery'],$$,"{'address1': '11570 Research Blvd', 'address2': '', 'address3': '', 'city': 'Austin', 'zip_code': '78759', 'country': 'US', 'state': 'TX', 'display_address': ['11570 Research Blvd', 'Austin, TX 78759']}",+15124189898,(512) 418-9898,12163.69599212553
15,fP8YU03hNC4MfzPp8JVMYg,iron-works-barbecue-austin,Iron Works Barbecue,https://s3-media2.fl.yelpcdn.com/bphoto/XQbPKMXqZkkq525TXfqh9g/o.jpg,False,https://www.yelp.com/biz/iron-works-barbecue-austin?adjust_creative=2sCIs4iF_H62BtZ15Ui5QA&utm_campaign=yelp_api_v3&utm_medium=api_v3_business_search&utm_source=2sCIs4iF_H62BtZ15Ui5QA,1261,"[{'alias': 'bbq', 'title': 'Barbeque'}]",3.5,"{'latitude': 30.2622132062534, 'longitude': -97.7389470883606}","['delivery', 'pickup']",$$,"{'address1': '100 Red River St', 'address2': '', 'address3': '', 'city': 'Austin', 'zip_code': '78701', 'country': 'US', 'state': 'TX', 'display_address': ['100 Red River St', 'Austin, TX 78701']}",+15124784855,(512) 478-4855,5103.996977949246
16,tG7C9aZpYmj0-Z8hZC-0cg,slab-bbq-and-beer-austin,SLAB BBQ & Beer,https://s3-media1.fl.yelpcdn.com/bphoto/T5GV2ccxFQiWAnA_XwDPBA/o.jpg,False,https://www.yelp.com/biz/slab-bbq-and-beer-austin?adjust_creative=2sCIs4iF_H62BtZ15Ui5QA&utm_campaign=yelp_api_v3&utm_medium=api_v3_business_search&utm_source=2sCIs4iF_H62BtZ15Ui5QA,1227,"[{'alias': 'bbq', 'title': 'Barbeque'}, {'alias': 'beerbar', 'title': 'Beer Bar'}]",4.5,"{'latitude': 30.3714463, 'longitude': -97.7245103433878}","['delivery', 'pickup']",$$,"{'address1': '9012 Research Blvd C4', 'address2': 'Ste C4', 'address3': '', 'city': 'Austin', 'zip_code': '78758', 'country': 'US', 'state': 'TX', 'display_address': ['9012 Research Blvd C4', 'Ste C4', 'Austin, TX 78758']}",+18337522100,(833) 752-2100,8030.629291601728
17,ih_MxWyh3OswxzG857v6TQ,rudys-country-store-and-bar-b-q-austin-11,"Rudy's ""Country Store"" and Bar-B-Q",https://s3-media1.fl.yelpcdn.com/bphoto/3lXzraIKWWda1AMatUk7jQ/o.jpg,False,https://www.yelp.com/biz/rudys-country-store-and-bar-b-q-austin-11?adjust_creative=2sCIs4iF_H62BtZ15Ui5QA&utm_campaign=yelp_api_v3&utm_medium=api_v3_business_search&utm_source=2sCIs4iF_H62BtZ15Ui5QA,1189,"[{'alias': 'bbq', 'title': 'Barbeque'}, {'alias': 'servicestations', 'title': 'Gas Stations'}, {'alias': 'hotdogs', 'title': 'Fast Food'}]",4.5,"{'latitude': 30.263580174323412, 'longitude': -97.81549841165544}",['delivery'],$$,"{'address1': '2451 S Capital Of Texas Hwy', 'address2': '', 'address3': '', 'city': 'Austin', 'zip_code': '78746', 'country': 'US', 'state': 'TX', 'display_address': ['2451 S Capital Of Texas Hwy', 'Austin, TX 78746']}",+15123295554,(512) 329-5554,7221.554577776332
18,sjgbSELDpzaabRe8bZwUbw,micklethwait-craft-meats-austin,Micklethwait Craft Meats,https://s3-media4.fl.yelpcdn.com/bphoto/zW2wAr58hy5M3qxC4rfh_w/o.jpg,False,https://www.yelp.com/biz/micklethwait-craft-meats-austin?adjust_creative=2sCIs4iF_H62BtZ15Ui5QA&utm_campaign=yelp_api_v3&utm_medium=api_v3_business_search&utm_source=2sCIs4iF_H62BtZ15Ui5QA,1070,"[{'alias': 'foodtrucks', 'title': 'Food Trucks'}, {'alias': 'bbq', 'title': 'Barbeque'}]",4.5,"{'latitude': 30.26846, 'longitude': -97.72518}",['delivery'],$$,"{'address1': '1309 Rosewood Ave', 'address2': '', 'address3': '', 'city': 'Austin', 'zip_code': '78702', 'country': 'US', 'state': 'TX', 'display_address': ['1309 Rosewood Ave', 'Austin, TX 78702']}",+15127915961,(512) 791-5961,5130.5213754052465
19,EKQMAqLW1rUfe8yY5YDQXg,county-line-on-the-lake-austin,County Line On The Lake,https://s3-media4.fl.yelpcdn.com/bphoto/Ge-9TPmtJWWvJUw_Pt9HdQ/o.jpg,False,https://www.yelp.com/biz/county-line-on-the-lake-austin?adjust_creative=2sCIs4iF_H62BtZ15Ui5QA&utm_campaign=yelp_api_v3&utm_medium=api_v3_business_search&utm_source=2sCIs4iF_H62BtZ15Ui5QA,944,"[{'alias': 'bbq', 'title': 'Barbeque'}, {'alias': 'catering', 'title': 'Caterers'}, {'alias': 'eventplanning', 'title': 'Party & Event Planning'}]",3.5,"{'latitude': 30.3571242748654, 'longitude': -97.7856454079346}",['delivery'],$$,"{'address1': '5204 Ranch Rd 2222', 'address2': '', 'address3': '', 'city': 'Austin', 'zip_code': '78731', 'country': 'US', 'state': 'TX', 'display_address': ['5204 Ranch Rd 2222', 'Austin, TX 78731']}",+15123463664,(512) 346-3664,6369.807132919051
20,k8KHoiDklnXDtXvLyxbd-w,blacks-barbecue-austin-austin,Black's Barbecue Austin,https://s3-media3.fl.yelpcdn.com/bphoto/0MSF6NxW2Anx4n4W8DCLdw/o.jpg,False,https://www.yelp.com/biz/blacks-barbecue-austin-austin?adjust_creative=2sCIs4iF_H62BtZ15Ui5QA&utm_campaign=yelp_api_v3&utm_medium=api_v3_business_search&utm_source=2sCIs4iF_H62BtZ15Ui5QA,896,"[{'alias': 'bbq', 'title': 'Barbeque'}]",4.0,"{'latitude': 30.298492113663, 'longitude': -97.7412682360079}","['delivery', 'pickup']",$$,"{'address1': '3110 Guadalupe St', 'address2': None, 'address3': '', 'city': 'Austin', 'zip_code': '78705', 'country': 'US', 'state': 'TX', 'display_address': ['3110 Guadalupe St', 'Austin, TX 78705']}",+15125240801,(512) 524-0801,1744.701828879721
21,HdKNzuZMhmzhLG-C7Yq7wQ,louie-mueller-barbecue-taylor,Louie Mueller Barbecue,https://s3-media2.fl.yelpcdn.com/bphoto/gHb0W5JI_AEaQ-w52DGgJw/o.jpg,False,https://www.yelp.com/biz/louie-mueller-barbecue-taylor?adjust_creative=2sCIs4iF_H62BtZ15Ui5QA&utm_campaign=yelp_api_v3&utm_medium=api_v3_business_search&utm_source=2sCIs4iF_H62BtZ15Ui5QA,774,"[{'alias': 'bbq', 'title': 'Barbeque'}]",4.0,"{'latitude': 30.56877, 'longitude': -97.41123}",[],$$,"{'address1': '206 W 2nd St', 'address2': '', 'address3': '', 'city': 'Taylor', 'zip_code': '76574', 'country': 'US', 'state': 'TX', 'display_address': ['206 W 2nd St', 'Taylor, TX 76574']}",+15123526206,(512) 352-6206,44314.98546973235
22,QCVkIE7RqSGWTiIJNr0GsA,brothertons-black-iron-barbecue-pflugerville-7,Brotherton's Black Iron Barbecue,https://s3-media2.fl.yelpcdn.com/bphoto/6uyHnhaDlBmGGXipoLQi-Q/o.jpg,False,https://www.yelp.com/biz/brothertons-black-iron-barbecue-pflugerville-7?adjust_creative=2sCIs4iF_H62BtZ15Ui5QA&utm_campaign=yelp_api_v3&utm_medium=api_v3_business_search&utm_source=2sCIs4iF_H62BtZ15Ui5QA,764,"[{'alias': 'bbq', 'title': 'Barbeque'}]",4.5,"{'latitude': 30.44583, 'longitude': -97.65143}","['delivery', 'pickup']",$$,"{'address1': '15608 Spring Hill Ln', 'address2': 'Ste 105', 'address3': None, 'city': 'Pflugerville', 'zip_code': '78660', 'country': 'US', 'state': 'TX', 'display_address': ['15608 Spring Hill Ln', 'Ste 105', 'Pflugerville, TX 78660']}",+15125474766,(512) 547-4766,18648.63759789174
23,-BBSLCjzw3i2PHuwJ_dabA,the-county-line-austin,The County Line,https://s3-media1.fl.yelpcdn.com/bphoto/7pwVWZ413YcalqtfcUbNwA/o.jpg,False,https://www.yelp.com/biz/the-county-line-austin?adjust_creative=2sCIs4iF_H62BtZ15Ui5QA&utm_campaign=yelp_api_v3&utm_medium=api_v3_business_search&utm_source=2sCIs4iF_H62BtZ15Ui5QA,574,"[{'alias': 'bbq', 'title': 'Barbeque'}, {'alias': 'steak', 'title': 'Steakhouses'}, {'alias': 'catering', 'title': 'Caterers'}]",3.5,"{'latitude': 30.29784, 'longitude': -97.83566}",['delivery'],$$,"{'address1': '6500 W Bee Cave Rd', 'address2': '', 'address3': '', 'city': 'Austin', 'zip_code': '78746', 'country': 'US', 'state': 'TX', 'display_address': ['6500 W Bee Cave Rd', 'Austin, TX 78746']}",+15123271742,(512) 327-1742,7550.993673926675
24,F3jUnVCkwcalFh-igiWb5Q,opies-bbq-spicewood,Opie's BBQ,https://s3-media2.fl.yelpcdn.com/bphoto/BxZTwLs1oQvvny5rBjje4g/o.jpg,False,https://www.yelp.com/biz/opies-bbq-spicewood?adjust_creative=2sCIs4iF_H62BtZ15Ui5QA&utm_campaign=yelp_api_v3&utm_medium=api_v3_business_search&utm_source=2sCIs4iF_H62BtZ15Ui5QA,539,"[{'alias': 'bbq', 'title': 'Barbeque'}]",4.0,"{'latitude': 30.461599, 'longitude': -98.158509}",[],$$,"{'address1': '9504 Hwy 71 E', 'address2': '', 'address3': '', 'city': 'Spicewood', 'zip_code': '78669', 'country': 'US', 'state': 'TX', 'display_address': ['9504 Hwy 71 E', 'Spicewood, TX 78669']}",+18306938660,(830) 693-8660,42197.358401238445
25,Lkg6orv6_37Vq84M7eTGDA,southside-market-and-barbeque-elgin-4,Southside Market & Barbeque,https://s3-media1.fl.yelpcdn.com/bphoto/ubaujpbDAB5JlpoDLyGFjw/o.jpg,False,https://www.yelp.com/biz/southside-market-and-barbeque-elgin-4?adjust_creative=2sCIs4iF_H62BtZ15Ui5QA&utm_campaign=yelp_api_v3&utm_medium=api_v3_business_search&utm_source=2sCIs4iF_H62BtZ15Ui5QA,524,"[{'alias': 'meats', 'title': 'Meat Shops'}, {'alias': 'bbq', 'title': 'Barbeque'}]",3.5,"{'latitude': 30.34968128391199, 'longitude': -97.3863111745391}",['delivery'],$$,"{'address1': '1212 Hwy 290 E', 'address2': '', 'address3': '', 'city': 'Elgin', 'zip_code': '78621', 'country': 'US', 'state': 'TX', 'display_address': ['1212 Hwy 290 E', 'Elgin, TX 78621']}",+15122814650,(512) 281-4650,35989.40798965275
26,-zfm3zSoMNkLXyBZqseczw,interstellar-bbq-austin,Interstellar BBQ,https://s3-media4.fl.yelpcdn.com/bphoto/NvLrBRIfRCVO-LWYmvCLXw/o.jpg,False,https://www.yelp.com/biz/interstellar-bbq-austin?adjust_creative=2sCIs4iF_H62BtZ15Ui5QA&utm_campaign=yelp_api_v3&utm_medium=api_v3_business_search&utm_source=2sCIs4iF_H62BtZ15Ui5QA,504,"[{'alias': 'bbq', 'title': 'Barbeque'}]",4.5,"{'latitude': 30.4618814407535, 'longitude': -97.8147587925196}",['delivery'],$$,"{'address1': '12233 Ranch Rd 620 N', 'address2': '', 'address3': None, 'city': 'Austin', 'zip_code': '78750', 'country': 'US', 'state': 'TX', 'display_address': ['12233 Ranch Rd 620 N', 'Austin, TX 78750']}",+15123826248,(512) 382-6248,18265.69421123276
27,cxQEW0JaFDqOqkavm4zKXg,browns-bar-b-que-austin,Brown's Bar-B-Que,https://s3-media4.fl.yelpcdn.com/bphoto/zY2plspN5agyVIRHA9mPwQ/o.jpg,False,https://www.yelp.com/biz/browns-bar-b-que-austin?adjust_creative=2sCIs4iF_H62BtZ15Ui5QA&utm_campaign=yelp_api_v3&utm_medium=api_v3_business_search&utm_source=2sCIs4iF_H62BtZ15Ui5QA,429,"[{'alias': 'bbq', 'title': 'Barbeque'}, {'alias': 'foodtrucks', 'title': 'Food Trucks'}]",4.5,"{'latitude': 30.24941, 'longitude': -97.76696}","['delivery', 'pickup']",$$,"{'address1': '1901 S Lamar Blvd', 'address2': '', 'address3': '', 'city': 'Austin', 'zip_code': '78704', 'country': 'US', 'state': 'TX', 'display_address': ['1901 S Lamar Blvd', 'Austin, TX 78704']}",+15125178520,(512) 517-8520,6258.030664934111
28,ObARwNdwAtFSFwhr1tHCdA,slab-bbq-and-beer-austin-3,SLAB BBQ & Beer,https://s3-media1.fl.yelpcdn.com/bphoto/1jKD3vHRtYkxfVYdiN_0WA/o.jpg,False,https://www.yelp.com/biz/slab-bbq-and-beer-austin-3?adjust_creative=2sCIs4iF_H62BtZ15Ui5QA&utm_campaign=yelp_api_v3&utm_medium=api_v3_business_search&utm_source=2sCIs4iF_H62BtZ15Ui5QA,361,"[{'alias': 'bbq', 'title': 'Barbeque'}, {'alias': 'beerbar', 'title': 'Beer Bar'}]",4.0,"{'latitude': 30.20677911065431, 'longitude': -97.8166369897146}","['delivery', 'pickup']",$$,"{'address1': '2701 W William Cannon Dr', 'address2': None, 'address3': None, 'city': 'Austin', 'zip_code': '78745', 'country': 'US', 'state': 'TX', 'display_address': ['2701 W William Cannon Dr', 'Austin, TX 78745']}",+18337522100,(833) 752-2100,12316.015048935302
29,mWDRxwPt8HgOdrNyckv99A,rollin-smoke-bbq-austin,Rollin Smoke BBQ,https://s3-media4.fl.yelpcdn.com/bphoto/9CNAV3zZpFOTMa9z-k81IA/o.jpg,False,https://www.yelp.com/biz/rollin-smoke-bbq-austin?adjust_creative=2sCIs4iF_H62BtZ15Ui5QA&utm_campaign=yelp_api_v3&utm_medium=api_v3_business_search&utm_source=2sCIs4iF_H62BtZ15Ui5QA,335,"[{'alias': 'bbq', 'title': 'Barbeque'}, {'alias': 'foodtrucks', 'title': 'Food Trucks'}, {'alias': 'sandwiches', 'title': 'Sandwiches'}]",4.5,"{'latitude': 30.27267081956925, 'longitude': -97.7282259}","['delivery', 'pickup']",$$,"{'address1': '1108 E 12th St', 'address2': None, 'address3': '', 'city': 'Austin', 'zip_code': '78702', 'country': 'US', 'state': 'TX', 'display_address': ['1108 E 12th St', 'Austin, TX 78702']}",+15127055499,(512) 705-5499,4590.023645883317
30,JlOsQVol75X1O5fg2-Mo0g,its-all-good-bbq-spicewood-5,It's All Good BBQ,https://s3-media3.fl.yelpcdn.com/bphoto/RuYke5Q_TxonrMniSti_Xw/o.jpg,False,https://www.yelp.com/biz/its-all-good-bbq-spicewood-5?adjust_creative=2sCIs4iF_H62BtZ15Ui5QA&utm_campaign=yelp_api_v3&utm_medium=api_v3_business_search&utm_source=2sCIs4iF_H62BtZ15Ui5QA,332,"[{'alias': 'bbq', 'title': 'Barbeque'}, {'alias': 'sandwiches', 'title': 'Sandwiches'}]",4.5,"{'latitude': 30.368795925527305, 'longitude': -98.07248893679262}",[],$$,"{'address1': '22112 Hwy 71 W', 'address2': None, 'address3': '', 'city': 'Spicewood', 'zip_code': '78669', 'country': 'US', 'state': 'TX', 'display_address': ['22112 Hwy 71 W', 'Spicewood, TX 78669']}",+15122641744,(512) 264-1744,31025.6921084338
31,JCfnVfQTxcGX-AmCgmvDnQ,leroy-and-lewis-barbecue-austin,Leroy and Lewis Barbecue,https://s3-media4.fl.yelpcdn.com/bphoto/rw98DvMuixanrzSm2w8Nzg/o.jpg,False,https://www.yelp.com/biz/leroy-and-lewis-barbecue-austin?adjust_creative=2sCIs4iF_H62BtZ15Ui5QA&utm_campaign=yelp_api_v3&utm_medium=api_v3_business_search&utm_source=2sCIs4iF_H62BtZ15Ui5QA,302,"[{'alias': 'foodtrucks', 'title': 'Food Trucks'}, {'alias': 'bbq', 'title': 'Barbeque'}]",4.5,"{'latitude': 30.227437102016083, 'longitude': -97.7627728797214}",['delivery'],$$,"{'address1': '121 Pickle Rd', 'address2': '', 'address3': None, 'city': 'Austin', 'zip_code': '78704', 'country': 'US', 'state': 'TX', 'display_address': ['121 Pickle Rd', 'Austin, TX 78704']}",+15129459882,(512) 945-9882,8655.581427927424
32,_vwsucuv6Hrf38FY2MyaKA,stiles-switch-bbq-and-brew-cedar-park,Stiles Switch BBQ & Brew,https://s3-media2.fl.yelpcdn.com/bphoto/TKAT-ACMjo2KPRs75mhL1w/o.jpg,False,https://www.yelp.com/biz/stiles-switch-bbq-and-brew-cedar-park?adjust_creative=2sCIs4iF_H62BtZ15Ui5QA&utm_campaign=yelp_api_v3&utm_medium=api_v3_business_search&utm_source=2sCIs4iF_H62BtZ15Ui5QA,286,"[{'alias': 'bbq', 'title': 'Barbeque'}]",4.0,"{'latitude': 30.517963, 'longitude': -97.8379236906767}","['delivery', 'pickup']",$$,"{'address1': '800 W Whitestone Blvd', 'address2': 'Ste  A-1', 'address3': None, 'city': 'Cedar Park', 'zip_code': '78613', 'country': 'US', 'state': 'TX', 'display_address': ['800 W Whitestone Blvd', 'Ste  A-1', 'Cedar Park, TX 78613']}",+15123053611,(512) 305-3611,24881.52478187949
33,buVISEivTh0Luk_ajXF7vg,oakwood-bbq-austin,Oakwood BBQ,https://s3-media2.fl.yelpcdn.com/bphoto/EgaG9_CTUl_ZNqCvplB5Dw/o.jpg,False,https://www.yelp.com/biz/oakwood-bbq-austin?adjust_creative=2sCIs4iF_H62BtZ15Ui5QA&utm_campaign=yelp_api_v3&utm_medium=api_v3_business_search&utm_source=2sCIs4iF_H62BtZ15Ui5QA,274,"[{'alias': 'bbq', 'title': 'Barbeque'}]",3.5,"{'latitude': 30.37792, 'longitude': -97.6795}","['delivery', 'pickup']",$$,"{'address1': '307 E Braker Ln', 'address2': None, 'address3': '', 'city': 'Austin', 'zip_code': '78753', 'country': 'US', 'state': 'TX', 'display_address': ['307 E Braker Ln', 'Austin, TX 78753']}",+15125205165,(512) 520-5165,11034.97133050218
34,uFjr6ZFzeEEtRl6ChYe5oA,fitties-bbq-bastrop,Fitties BBQ,https://s3-media3.fl.yelpcdn.com/bphoto/aS8Fyq2vtkCFhLxiF6xDdg/o.jpg,False,https://www.yelp.com/biz/fitties-bbq-bastrop?adjust_creative=2sCIs4iF_H62BtZ15Ui5QA&utm_campaign=yelp_api_v3&utm_medium=api_v3_business_search&utm_source=2sCIs4iF_H62BtZ15Ui5QA,258,"[{'alias': 'bbq', 'title': 'Barbeque'}, {'alias': 'breakfast_brunch', 'title': 'Breakfast & Brunch'}, {'alias': 'burgers', 'title': 'Burgers'}]",4.5,"{'latitude': 30.117307854863252, 'longitude': -97.4231482103537}",['delivery'],$,"{'address1': '1376 Hwy 71 W', 'address2': '', 'address3': '', 'city': 'Bastrop', 'zip_code': '78602', 'country': 'US', 'state': 'TX', 'display_address': ['1376 Hwy 71 W', 'Bastrop, TX 78602']}",+15123036808,(512) 303-6808,38339.29537613948
35,7gITyMAki0I4_Rgf-r3BhQ,alzers-bbq-cedar-park,Alzer's BBQ,https://s3-media2.fl.yelpcdn.com/bphoto/PZT719sPLwhUjW0vIyuYsQ/o.jpg,False,https://www.yelp.com/biz/alzers-bbq-cedar-park?adjust_creative=2sCIs4iF_H62BtZ15Ui5QA&utm_campaign=yelp_api_v3&utm_medium=api_v3_business_search&utm_source=2sCIs4iF_H62BtZ15Ui5QA,253,"[{'alias': 'bbq', 'title': 'Barbeque'}]",4.5,"{'latitude': 30.5005152, 'longitude': -97.8182274}","['delivery', 'pickup']",$$,"{'address1': '109 Cypress Creek', 'address2': 'Ste B-7', 'address3': None, 'city': 'Cedar Park', 'zip_code': '78613', 'country': 'US', 'state': 'TX', 'display_address': ['109 Cypress Creek', 'Ste B-7', 'Cedar Park, TX 78613']}",+15126805652,(512) 680-5652,22484.59007158183
36,0wu_75_1HQtIog3p2Qz_pQ,scottys-bbq-austin,Scotty's BBQ,https://s3-media3.fl.yelpcdn.com/bphoto/B51VFsIAgttOLs95HkfA1Q/o.jpg,False,https://www.yelp.com/biz/scottys-bbq-austin?adjust_creative=2sCIs4iF_H62BtZ15Ui5QA&utm_campaign=yelp_api_v3&utm_medium=api_v3_business_search&utm_source=2sCIs4iF_H62BtZ15Ui5QA,240,"[{'alias': 'bbq', 'title': 'Barbeque'}, {'alias': 'foodtrucks', 'title': 'Food Trucks'}]",4.5,"{'latitude': 30.253308, 'longitude': -97.712918}","['delivery', 'pickup']",$$,"{'address1': '2730 E Ceasar Chavez', 'address2': '', 'address3': '', 'city': 'Austin', 'zip_code': '78702', 'country': 'US', 'state': 'TX', 'display_address': ['2730 E Ceasar Chavez', 'Austin, TX 78702']}",+15123501615,(512) 350-1615,7193.564721056274
37,Q1iBLxSW4gcQdGkwxiE-eg,donns-bbq-austin-2,Donn's BBQ,https://s3-media3.fl.yelpcdn.com/bphoto/XbXo5ShXXS-qeoNn2eqHgQ/o.jpg,False,https://www.yelp.com/biz/donns-bbq-austin-2?adjust_creative=2sCIs4iF_H62BtZ15Ui5QA&utm_campaign=yelp_api_v3&utm_medium=api_v3_business_search&utm_source=2sCIs4iF_H62BtZ15Ui5QA,212,"[{'alias': 'bbq', 'title': 'Barbeque'}, {'alias': 'breakfast_brunch', 'title': 'Breakfast & Brunch'}, {'alias': 'burgers', 'title': 'Burgers'}]",3.5,"{'latitude': 30.26678, 'longitude': -97.62578}",['delivery'],$$,"{'address1': '10003 Fm 969', 'address2': '', 'address3': '', 'city': 'Austin', 'zip_code': '78724', 'country': 'US', 'state': 'TX', 'display_address': ['10003 Fm 969', 'Austin, TX 78724']}",+15129280229,(512) 928-0229,13367.372066294538
38,woW_kIDB_Sv1AJAx4F8-qA,jim-s-smokehouse-austin,Jimâ€™s Smokehouse,https://s3-media2.fl.yelpcdn.com/bphoto/VtzcGxGSn6VwVAe-Noj1RQ/o.jpg,False,https://www.yelp.com/biz/jim-s-smokehouse-austin?adjust_creative=2sCIs4iF_H62BtZ15Ui5QA&utm_campaign=yelp_api_v3&utm_medium=api_v3_business_search&utm_source=2sCIs4iF_H62BtZ15Ui5QA,205,"[{'alias': 'foodtrucks', 'title': 'Food Trucks'}, {'alias': 'bbq', 'title': 'Barbeque'}, {'alias': 'smokehouse', 'title': 'Smokehouse'}]",5.0,"{'latitude': 30.402773684366327, 'longitude': -97.85523623068411}",['delivery'],$$,"{'address1': '6900 Ranch Rd 620', 'address2': '', 'address3': None, 'city': 'Austin', 'zip_code': '78732', 'country': 'US', 'state': 'TX', 'display_address': ['6900 Ranch Rd 620', 'Austin, TX 78732']}",+15127834577,(512) 783-4577,14330.768530640897
39,IQ11Pny1Zk6QD3DnrrJV0g,pig-pen-bbq-dripping-springs,Pig Pen BBQ,https://s3-media3.fl.yelpcdn.com/bphoto/VsqsEqHXGDIsEHxgT253rg/o.jpg,False,https://www.yelp.com/biz/pig-pen-bbq-dripping-springs?adjust_creative=2sCIs4iF_H62BtZ15Ui5QA&utm_campaign=yelp_api_v3&utm_medium=api_v3_business_search&utm_source=2sCIs4iF_H62BtZ15Ui5QA,156,"[{'alias': 'bbq', 'title': 'Barbeque'}, {'alias': 'tacos', 'title': 'Tacos'}]",4.5,"{'latitude': 30.19128059419886, 'longitude': -98.0900248}",[],$$,"{'address1': '301 us-290', 'address2': '', 'address3': None, 'city': 'Dripping Springs', 'zip_code': '78620', 'country': 'US', 'state': 'TX', 'display_address': ['301 us-290', 'Dripping Springs, TX 78620']}",+15128580060,(512) 858-0060,34339.509168126155
